<?xml version="1.0" encoding="UTF-8"?>
<sltp_graph version="1.1" packageUris="http://schema.mathworks.com/mf0/sltp_mm/R2020b_202003251737">
  <sltp.mm.core.Context type="sltp.mm.core.Context" uuid="7f391caa-ce08-4fc4-9a67-5b1258c012a7">
    <priorityDirection>HighNumberLast</priorityDirection>
    <editorState type="sltp.mm.core.EditorState" uuid="9e71f95f-7a6d-416e-ae34-8be583fe9c06">
      <isSynchronized>true</isSynchronized>
    </editorState>
    <rootTask type="sltp.mm.core.Task" uuid="63df5555-f55f-455f-ac75-774e90a8ceb8">
      <context type="sltp.mm.core.Context" uuid="7f391caa-ce08-4fc4-9a67-5b1258c012a7"/>
      <explicit>false</explicit>
      <name>Default</name>
      <priority>-2147483648</priority>
      <subgraph type="sltp.mm.core.Graph" uuid="cfa1317f-5c0b-4f70-b914-9194ea29bf9e">
        <tasks type="sltp.mm.core.Task" uuid="14e62910-9bc3-43af-b276-81f46fd5261a">
          <context type="sltp.mm.core.Context" uuid="7f391caa-ce08-4fc4-9a67-5b1258c012a7"/>
          <explicit>false</explicit>
          <id>1</id>
          <isTimed>true</isTimed>
          <name>D1</name>
          <priority>40</priority>
          <rates type="sltp.mm.core.Rate" uuid="50a8b6ad-1a0e-48cc-a32a-ab31d6161171">
            <annotation>D1</annotation>
            <color>-436207361</color>
            <hasBlocks>true</hasBlocks>
            <rateSpec type="sltp.mm.core.RateSpec">
              <period>5e-08</period>
            </rateSpec>
            <sti>0</sti>
          </rates>
        </tasks>
      </subgraph>
    </rootTask>
  </sltp.mm.core.Context>
</sltp_graph>