<?xml version="1.0" encoding="UTF-8"?>
<sltp_editor version="1.1" packageUris="http://schema.mathworks.com/mf0/DiagramEditor/R2019a_20181107 http://schema.mathworks.com/mf0/SltpSyntax/R2020b_202005081148">
  <diagram.editor.model.Diagram type="diagram.editor.model.Diagram" uuid="944574a8-ed87-42c8-9982-7e7a4462eb22">
    <entities type="diagram.editor.model.Entity" uuid="704aa620-37d6-4bad-8b7e-ee28ad7917e0">
      <position>0,0</position>
      <size>0,0,0,0</size>
      <syntaxElement type="sltp.mm.syntax.Node" uuid="54804562-b2ec-408c-928c-0dd6b7cead8a"/>
      <title>D1</title>
      <type>implicit-periodic</type>
      <subDiagram type="diagram.editor.model.Diagram" uuid="9137298a-b7a4-4eba-9171-6210c952da3b">
        <position>0,0</position>
        <syntaxElement type="sltp.mm.syntax.Graph" uuid="504ebb0b-17e7-424d-b4ad-ca7ff05fd20b"/>
        <title>D1</title>
        <type>graph.Graph</type>
      </subDiagram>
    </entities>
    <syntaxElement type="sltp.mm.syntax.Graph" uuid="2f498af5-8887-4153-b8fa-aa609c1f10ea"/>
    <title>Default</title>
    <type>graph.Graph</type>
  </diagram.editor.model.Diagram>
  <sltp.mm.syntax.Context type="sltp.mm.syntax.Context" uuid="ff884dbe-173c-4afe-bf14-abfeeabf0fc4">
    <rootGraph type="sltp.mm.syntax.Graph" uuid="2f498af5-8887-4153-b8fa-aa609c1f10ea">
      <children type="sltp.mm.syntax.Node" uuid="54804562-b2ec-408c-928c-0dd6b7cead8a">
        <priority>40</priority>
        <rates type="sltp.mm.syntax.RateData">
          <color>#e60000</color>
          <hasBlocks>true</hasBlocks>
          <rate>5e-08</rate>
          <title>D1</title>
        </rates>
        <title>D1</title>
        <type>implicit-periodic</type>
        <diagramElement type="diagram.editor.model.Entity" uuid="704aa620-37d6-4bad-8b7e-ee28ad7917e0"/>
        <subgraph type="sltp.mm.syntax.Graph" uuid="504ebb0b-17e7-424d-b4ad-ca7ff05fd20b">
          <title>D1</title>
          <diagramElement type="diagram.editor.model.Diagram" uuid="9137298a-b7a4-4eba-9171-6210c952da3b"/>
        </subgraph>
      </children>
      <title>Default</title>
      <diagramElement type="diagram.editor.model.Diagram" uuid="944574a8-ed87-42c8-9982-7e7a4462eb22"/>
    </rootGraph>
  </sltp.mm.syntax.Context>
</sltp_editor>