<?xml version="1.0" encoding="utf-8"?>
<System>
  <P Name="Location">[22, -1, 1016, 757]</P>
  <P Name="SystemRect">[0.000000, 0.000000, 0.000000, 0.000000]</P>
  <P Name="Open">on</P>
  <P Name="SetExecutionDomain">off</P>
  <P Name="ExecutionDomainType">Deduce</P>
  <P Name="ZoomFactor">80</P>
  <P Name="ReportName">simulink-default.rpt</P>
  <P Name="SIDHighWatermark">60</P>
  <P Name="SimulinkSubDomain">Simulink</P>
  <Block BlockType="SubSystem" Name="Compare" SID="48">
    <P Name="Ports">[1]</P>
    <P Name="Position">[700, 585, 710, 735]</P>
    <P Name="ZOrder">204</P>
    <P Name="BackgroundColor">cyan</P>
    <P Name="RequestExecContextInheritance">off</P>
    <P Name="ContentPreviewEnabled">on</P>
    <Mask>
      <Display>disp(&apos;&apos;)</Display>
    </Mask>
    <System Ref="system_48"/>
  </Block>
  <Block BlockType="FromWorkspace" Name="From&#xA;Workspace" SID="1">
    <P Name="Position">[-100, 298, -35, 322]</P>
    <P Name="ZOrder">168</P>
    <P Name="VariableName">data1</P>
    <P Name="SampleTime">sample_time</P>
    <P Name="Interpolate">off</P>
    <P Name="OutputAfterFinalValue">Setting to zero</P>
  </Block>
  <Block BlockType="FromWorkspace" Name="From&#xA;Workspace1" SID="2">
    <P Name="Position">[-100, 433, -35, 457]</P>
    <P Name="ZOrder">169</P>
    <P Name="VariableName">data2</P>
    <P Name="SampleTime">sample_time</P>
    <P Name="Interpolate">off</P>
    <P Name="OutputAfterFinalValue">Setting to zero</P>
  </Block>
  <Block BlockType="FromWorkspace" Name="From&#xA;Workspace2" SID="3">
    <P Name="Position">[35, 508, 100, 532]</P>
    <P Name="ZOrder">195</P>
    <P Name="VariableName">data3</P>
    <P Name="SampleTime">sample_time</P>
    <P Name="Interpolate">off</P>
    <P Name="OutputAfterFinalValue">Setting to zero</P>
  </Block>
  <Block BlockType="SubSystem" Name="FromCosimSrc" SID="41">
    <P Name="Ports">[0, 3]</P>
    <P Name="Position">[275, 585, 285, 735]</P>
    <P Name="ZOrder">203</P>
    <P Name="BackgroundColor">cyan</P>
    <P Name="RequestExecContextInheritance">off</P>
    <P Name="ContentPreviewEnabled">on</P>
    <Mask>
      <Display>disp(&apos;&apos;)</Display>
    </Mask>
    <System Ref="system_41"/>
  </Block>
  <Block BlockType="SubSystem" Name="HDL_Complex_Multiplier" SID="4">
    <P Name="Ports">[3, 1]</P>
    <P Name="Position">[315, 305, 670, 455]</P>
    <P Name="ZOrder">1</P>
    <P Name="RequestExecContextInheritance">off</P>
    <P Name="ContentPreviewEnabled">on</P>
    <System Ref="system_4"/>
  </Block>
  <Block BlockType="Reference" Name="HDL_Complex_Multiplier_mq" SID="40">
    <P Name="Ports">[3, 1]</P>
    <P Name="Position">[315, 585, 670, 735]</P>
    <P Name="ZOrder">202</P>
    <P Name="LibraryVersion">14.0</P>
    <P Name="SourceBlock">modelsimlib/HDL Cosimulation</P>
    <P Name="SourceType">Simulink and ModelSim Cosimulation</P>
    <P Name="SourceProductBaseCode">ES</P>
    <InstanceData>
      <P Name="RTWMemSecFuncInitTerm">Inherit from model</P>
      <P Name="RTWMemSecFuncExecute">Inherit from model</P>
      <P Name="RTWMemSecDataConstants">Inherit from model</P>
      <P Name="RTWMemSecDataInternal">Inherit from model</P>
      <P Name="RTWMemSecDataParameters">Inherit from model</P>
      <P Name="ContentPreviewEnabled">off</P>
      <P Name="PortPaths">/HDL_Complex_Multiplier/In1;/HDL_Complex_Multiplier/In2;/HDL_Complex_Multiplier/In3;/HDL_Complex_Multiplier/Out1</P>
      <P Name="PortModes">[1 1 1 2 ]</P>
      <P Name="PortTimes">[-1 -1 -1 4.9999999999999997737405591294312934280696936184540390968322753906e-08 ]</P>
      <P Name="PortSigns">[-1 -1 -1 1 ]</P>
      <P Name="PortFracLengths">[0,0,0,0]</P>
      <P Name="CommLocal">on</P>
      <P Name="CommSharedMemory">on</P>
      <P Name="CommPortNumber">4449</P>
      <P Name="CommShowInfo">on</P>
      <P Name="ClockModes">[]</P>
      <P Name="ClockTimes">[]</P>
      <P Name="TclPreSimCommand">puts &quot;Running Simulink Cosimulation block.&quot;;
 puts &quot;Chip Name: --&gt; homework1/HDL_Complex_Multiplier&quot;;
 puts &quot;Target language: --&gt; verilog&quot;;
 puts &quot;Target directory: --&gt; hdl_prj_asic\hdlsrc\homework1&quot;;
 puts [clock format [clock seconds]];
# Clock force command;
force /HDL_Complex_Multiplier/clk 0 0ns, 1 5ns -r 10ns;
# Clock enable force command;
force /HDL_Complex_Multiplier/clk_enable 0 0ns, 1 37ns;
# Reset force command;
force /HDL_Complex_Multiplier/reset 1 0ns, 0 27ns;

</P>
      <P Name="TclPostSimCommand">puts &quot;done&quot;
</P>
      <P Name="TimingMode">ns</P>
      <P Name="TimingScaleFactor">       200000000</P>
      <P Name="idxCellArray">{&apos;UNUSED_VAR&apos;}</P>
      <P Name="CosimBypass">Full Simulation</P>
      <P Name="AllowDirectFeedthrough">on</P>
      <P Name="ProductName">EDA Simulator Link MQ</P>
      <P Name="RunAutoTimescale">off</P>
      <P Name="HdlClocks">0</P>
      <P Name="PreRunTime">40</P>
      <P Name="PreRunTimeUnit">ns</P>
    </InstanceData>
  </Block>
  <Block BlockType="Scope" Name="Scope1" SID="24">
    <P Name="Ports">[1]</P>
    <P Name="Position">[1065, 504, 1095, 536]</P>
    <P Name="ZOrder">179</P>
    <P Name="ScopeSpecificationString">Simulink.scopes.TimeScopeBlockCfg(&apos;CurrentConfiguration&apos;, extmgr.ConfigurationSet(extmgr.Configuration(&apos;Core&apos;,&apos;General UI&apos;,true),extmgr.Configuration(&apos;Core&apos;,&apos;Source UI&apos;,true),extmgr.Configuration(&apos;Sources&apos;,&apos;WiredSimulink&apos;,true,&apos;DataLoggingVariableName&apos;,&apos;ScopeData1&apos;),extmgr.Configuration(&apos;Visuals&apos;,&apos;Time Domain&apos;,true,&apos;SerializedDisplays&apos;,{struct(&apos;MinYLimReal&apos;,&apos;-120.75&apos;,&apos;MaxYLimReal&apos;,&apos;226.75&apos;,&apos;YLabelReal&apos;,&apos;&apos;,&apos;MinYLimMag&apos;,&apos; 0.00000&apos;,&apos;MaxYLimMag&apos;,&apos;226.75&apos;,&apos;LegendVisibility&apos;,&apos;off&apos;,&apos;XGrid&apos;,true,&apos;YGrid&apos;,true,&apos;PlotMagPhase&apos;,false,&apos;AxesColor&apos;,[0 0 0],&apos;AxesTickColor&apos;,[0.686274509803922 0.686274509803922 0.686274509803922],&apos;ColorOrder&apos;,[1 1 0.0666666666666667;0.0745098039215686 0.623529411764706 1;1 0.411764705882353 0.16078431372549;0.392156862745098 0.831372549019608 0.0745098039215686;0.717647058823529 0.274509803921569 1;0.0588235294117647 1 1;1 0.0745098039215686 0.650980392156863],&apos;Title&apos;,&apos;%&lt;SignalLabel&gt;&apos;,&apos;LinePropertiesCache&apos;,{{}},&apos;UserDefinedChannelNames&apos;,{{}},&apos;NumLines&apos;,1,&apos;LineNames&apos;,{{&apos;HDL_Complex_Multiplier&apos;}},&apos;ShowContent&apos;,true,&apos;Placement&apos;,1)},&apos;DisplayPropertyDefaults&apos;,struct(&apos;MinYLimReal&apos;,&apos;-120.75&apos;,&apos;MaxYLimReal&apos;,&apos;226.75&apos;,&apos;YLabelReal&apos;,&apos;&apos;,&apos;MinYLimMag&apos;,&apos; 0.00000&apos;,&apos;MaxYLimMag&apos;,&apos;226.75&apos;,&apos;LegendVisibility&apos;,&apos;off&apos;,&apos;XGrid&apos;,true,&apos;YGrid&apos;,true,&apos;PlotMagPhase&apos;,false,&apos;AxesColor&apos;,[0 0 0],&apos;AxesTickColor&apos;,[0.686274509803922 0.686274509803922 0.686274509803922],&apos;ColorOrder&apos;,[0.0745098039215686 0.623529411764706 1;1 0.411764705882353 0.16078431372549;1 1 0.0666666666666667;0.717647058823529 0.274509803921569 1;0.392156862745098 0.831372549019608 0.0745098039215686;0.0588235294117647 1 1;1 0.0745098039215686 0.650980392156863])),extmgr.Configuration(&apos;Tools&apos;,&apos;Plot Navigation&apos;,true),extmgr.Configuration(&apos;Tools&apos;,&apos;Measurements&apos;,true,&apos;Version&apos;,&apos;2020b&apos;)),&apos;Version&apos;,&apos;2020b&apos;,&apos;Position&apos;,[657 398 560 420],&apos;VisibleAtModelOpen&apos;,&apos;on&apos;)</P>
    <P Name="NumInputPorts">1</P>
    <P Name="Floating">off</P>
  </Block>
  <Block BlockType="SubSystem" Name="Start Simulator" SID="60">
    <P Name="Ports">[]</P>
    <P Name="Position">[22, 15, 253, 56]</P>
    <P Name="ZOrder">205</P>
    <P Name="BackgroundColor">cyan</P>
    <P Name="OpenFcn">try
   cosimDirName = pwd;
   cd &apos;hdl_prj_asic\hdlsrc\homework1&apos;;
   vsim(&apos;tclstart&apos;,gm_homework1_mq_tcl);
   cd (cosimDirName);
   clear cosimDirName;
catch me
   disp(&apos;Failed to launch cosimulator with &quot;vsim&quot;&apos;);
   disp (me.message);
   cd (cosimDirName);
   clear cosimDirName;
end</P>
    <P Name="RequestExecContextInheritance">off</P>
    <P Name="ContentPreviewEnabled">on</P>
    <Mask>
      <Display>disp([&apos;vsimulink  -voptargs=+acc work.HDL_Complex_Multiplier&apos; char(10) &apos;Double-click here to launch ModelSim&apos;])</Display>
    </Mask>
    <System Ref="system_60"/>
  </Block>
  <Block BlockType="ToWorkspace" Name="To Workspace1" SID="25">
    <P Name="Ports">[1]</P>
    <P Name="Position">[1070, 335, 1160, 365]</P>
    <P Name="ZOrder">180</P>
    <P Name="VariableName">hw_out</P>
    <P Name="MaxDataPoints">inf</P>
    <P Name="SaveFormat">Structure With Time</P>
    <P Name="FixptAsFi">on</P>
    <P Name="SampleTime">-1</P>
  </Block>
  <Block BlockType="SubSystem" Name="ToCosimSink" SID="36">
    <P Name="Ports">[1, 1]</P>
    <P Name="Position">[690, 305, 700, 455]</P>
    <P Name="ZOrder">201</P>
    <P Name="BackgroundColor">cyan</P>
    <P Name="RequestExecContextInheritance">off</P>
    <P Name="ContentPreviewEnabled">on</P>
    <Mask>
      <Display>disp(&apos;&apos;)</Display>
    </Mask>
    <System Ref="system_36"/>
  </Block>
  <Block BlockType="SubSystem" Name="ToCosimSrc" SID="26">
    <P Name="Ports">[3, 3]</P>
    <P Name="Position">[285, 309, 295, 461]</P>
    <P Name="ZOrder">200</P>
    <P Name="BackgroundColor">cyan</P>
    <P Name="RequestExecContextInheritance">off</P>
    <P Name="ContentPreviewEnabled">on</P>
    <Mask>
      <Display>disp(&apos;&apos;)</Display>
    </Mask>
    <System Ref="system_26"/>
  </Block>
  <Line>
    <P Name="ZOrder">7</P>
    <P Name="Src">26#out:1</P>
    <P Name="Points">[10, 0; 0, -5]</P>
    <P Name="Dst">4#in:1</P>
  </Line>
  <Line>
    <P Name="ZOrder">8</P>
    <P Name="Src">26#out:2</P>
    <P Name="Points">[10, 0; 0, -5]</P>
    <P Name="Dst">4#in:2</P>
  </Line>
  <Line>
    <P Name="ZOrder">9</P>
    <P Name="Src">26#out:3</P>
    <P Name="Points">[10, 0; 0, -5]</P>
    <P Name="Dst">4#in:3</P>
  </Line>
  <Line>
    <P Name="ZOrder">10</P>
    <P Name="Src">4#out:1</P>
    <P Name="Dst">36#in:1</P>
  </Line>
  <Line>
    <P Name="ZOrder">11</P>
    <P Name="Src">1#out:1</P>
    <P Name="Points">[150, 0; 0, 25]</P>
    <P Name="Dst">26#in:1</P>
  </Line>
  <Line>
    <P Name="ZOrder">12</P>
    <P Name="Src">2#out:1</P>
    <P Name="Points">[150, 0; 0, -60]</P>
    <P Name="Dst">26#in:2</P>
  </Line>
  <Line>
    <P Name="ZOrder">13</P>
    <P Name="Src">3#out:1</P>
    <P Name="Points">[80, 0; 0, -85]</P>
    <P Name="Dst">26#in:3</P>
  </Line>
  <Line>
    <P Name="ZOrder">15</P>
    <P Name="Src">36#out:1</P>
    <P Name="Points">[170, 0]</P>
    <Branch>
      <P Name="ZOrder">14</P>
      <P Name="Points">[0, 140]</P>
      <P Name="Dst">24#in:1</P>
    </Branch>
    <Branch>
      <P Name="ZOrder">16</P>
      <P Name="Points">[5, 0; 0, -30]</P>
      <P Name="Dst">25#in:1</P>
    </Branch>
  </Line>
  <Line>
    <P Name="ZOrder">17</P>
    <P Name="Src">41#out:1</P>
    <P Name="Dst">40#in:1</P>
  </Line>
  <Line>
    <P Name="ZOrder">18</P>
    <P Name="Src">41#out:2</P>
    <P Name="Dst">40#in:2</P>
  </Line>
  <Line>
    <P Name="ZOrder">19</P>
    <P Name="Src">41#out:3</P>
    <P Name="Dst">40#in:3</P>
  </Line>
  <Line>
    <P Name="ZOrder">20</P>
    <P Name="Src">40#out:1</P>
    <P Name="Dst">48#in:1</P>
  </Line>
</System>
