<?xml version="1.0" encoding="utf-8"?>
<System>
  <P Name="Location">[30, 30, 1010, 750]</P>
  <P Name="SystemRect">[0.000000, 0.000000, 0.000000, 0.000000]</P>
  <P Name="SetExecutionDomain">off</P>
  <P Name="ExecutionDomainType">Deduce</P>
  <P Name="SimulinkSubDomain">Simulink</P>
  <Block BlockType="Inport" Name="in1" SID="49">
    <P Name="Position">[100, 128, 130, 142]</P>
    <P Name="ZOrder">1</P>
  </Block>
  <Block BlockType="SubSystem" Name="Assert_Out1" SID="51">
    <P Name="Ports">[2]</P>
    <P Name="Position">[400, 125, 430, 160]</P>
    <P Name="ZOrder">4</P>
    <P Name="RequestExecContextInheritance">off</P>
    <System Ref="system_51"/>
  </Block>
  <Block BlockType="SubSystem" Name="CleanupScopes" SID="59">
    <P Name="Ports">[]</P>
    <P Name="Position">[297, 55, 505, 97]</P>
    <P Name="ZOrder">6</P>
    <P Name="ShowName">off</P>
    <P Name="OpenFcn">blkName = gcb; %self block
idx = regexp(blkName, &apos;/CleanupScopes$&apos;, &apos;once&apos;);
blkParent = blkName(1:idx-1);
blks=find_system(blkParent, &apos;LookUnderMasks&apos;, &apos;all&apos;,&apos;blocktype&apos;, &apos;Scope&apos;);
for itr = 1:length(blks)
	 hScopeCfg = get_param(blks{itr},&apos;ScopeConfiguration&apos;);
	 hScopeCfg.Visible = ~ hScopeCfg.Visible;
end
drawnow;
</P>
    <P Name="RequestExecContextInheritance">off</P>
    <P Name="ContentPreviewEnabled">on</P>
    <Mask>
      <Display>fprintf(message(&apos;hdlcoder:cosim:vnl_dblclick&apos;).getString());</Display>
    </Mask>
    <System Ref="system_59"/>
  </Block>
  <Block BlockType="SubSystem" Name="Enable" SID="58">
    <P Name="Ports">[]</P>
    <P Name="Position">[297, 15, 505, 52]</P>
    <P Name="ZOrder">5</P>
    <P Name="ShowName">off</P>
    <P Name="OpenFcn">blkName = gcb;
idx = regexp(blkName, &apos;/Enable$&apos;, &apos;once&apos;);
blkParent = blkName(1:idx-1);
blks=find_system(blkParent, &apos;LookUnderMasks&apos;, &apos;all&apos;,&apos;blocktype&apos;, &apos;Assertion&apos;);
e = get_param(blks{1}, &apos;Enabled&apos;);
if strcmp(e, &apos;on&apos;), f= &apos;off&apos;;, else, f = &apos;on&apos;;, end
for ii=1:length(blks), set_param(blks{ii}, &apos;Enabled&apos;, f);, end
set_param(gcb, &apos;MaskDisplay&apos;,[&apos;fprintf(message(&apos;&apos;hdlcoder:cosim:vnl_dblclick_assertions&apos;&apos;,&apos;,&apos;&apos;&apos;&apos;,upper(e),&apos;&apos;&apos;&apos;,&apos;).getString())&apos;]);
</P>
    <P Name="RequestExecContextInheritance">off</P>
    <P Name="ContentPreviewEnabled">on</P>
    <Mask>
      <Display>fprintf(message(&apos;hdlcoder:cosim:vnl_dblclick_assertions&apos;,&apos;OFF&apos;).getString());</Display>
    </Mask>
    <System Ref="system_58"/>
  </Block>
  <Block BlockType="From" Name="from1" SID="50">
    <P Name="Position">[340, 143, 370, 157]</P>
    <P Name="ZOrder">2</P>
    <P Name="GotoTag">out1</P>
    <P Name="TagVisibility">global</P>
  </Block>
  <Line>
    <P Name="ZOrder">1</P>
    <P Name="Src">49#out:1</P>
    <P Name="Dst">51#in:1</P>
  </Line>
  <Line>
    <P Name="ZOrder">2</P>
    <P Name="Src">50#out:1</P>
    <P Name="Dst">51#in:2</P>
  </Line>
</System>
