<?xml version="1.0" encoding="utf-8"?>
<System>
  <P Name="Location">[30, 30, 1010, 750]</P>
  <P Name="SystemRect">[0.000000, 0.000000, 0.000000, 0.000000]</P>
  <P Name="SetExecutionDomain">off</P>
  <P Name="ExecutionDomainType">Deduce</P>
  <P Name="SimulinkSubDomain">Simulink</P>
  <Block BlockType="From" Name="from1" SID="42">
    <P Name="Position">[100, 48, 130, 62]</P>
    <P Name="ZOrder">1</P>
    <P Name="GotoTag">in1</P>
    <P Name="TagVisibility">global</P>
  </Block>
  <Block BlockType="From" Name="from2" SID="43">
    <P Name="Position">[100, 108, 130, 122]</P>
    <P Name="ZOrder">2</P>
    <P Name="GotoTag">in2</P>
    <P Name="TagVisibility">global</P>
  </Block>
  <Block BlockType="From" Name="from3" SID="44">
    <P Name="Position">[100, 168, 130, 182]</P>
    <P Name="ZOrder">3</P>
    <P Name="GotoTag">in3</P>
    <P Name="TagVisibility">global</P>
  </Block>
  <Block BlockType="Outport" Name="out1" SID="45">
    <P Name="Position">[460, 48, 490, 62]</P>
    <P Name="ZOrder">4</P>
  </Block>
  <Block BlockType="Outport" Name="out2" SID="46">
    <P Name="Position">[460, 108, 490, 122]</P>
    <P Name="ZOrder">5</P>
    <P Name="Port">2</P>
  </Block>
  <Block BlockType="Outport" Name="out3" SID="47">
    <P Name="Position">[460, 168, 490, 182]</P>
    <P Name="ZOrder">6</P>
    <P Name="Port">3</P>
  </Block>
  <Line>
    <P Name="ZOrder">1</P>
    <P Name="Src">42#out:1</P>
    <P Name="Dst">45#in:1</P>
  </Line>
  <Line>
    <P Name="ZOrder">2</P>
    <P Name="Src">43#out:1</P>
    <P Name="Dst">46#in:1</P>
  </Line>
  <Line>
    <P Name="ZOrder">3</P>
    <P Name="Src">44#out:1</P>
    <P Name="Dst">47#in:1</P>
  </Line>
</System>
