<?xml version="1.0" encoding="utf-8"?>
<System>
  <P Name="Location">[30, 30, 1010, 750]</P>
  <P Name="SystemRect">[0.000000, 0.000000, 0.000000, 0.000000]</P>
  <P Name="SetExecutionDomain">off</P>
  <P Name="ExecutionDomainType">Deduce</P>
  <P Name="SimulinkSubDomain">Simulink</P>
  <Block BlockType="Inport" Name="in1" SID="27">
    <P Name="Position">[100, 108, 130, 122]</P>
    <P Name="ZOrder">1</P>
  </Block>
  <Block BlockType="Inport" Name="in2" SID="28">
    <P Name="Position">[100, 168, 130, 182]</P>
    <P Name="ZOrder">2</P>
    <P Name="Port">2</P>
  </Block>
  <Block BlockType="Inport" Name="in3" SID="29">
    <P Name="Position">[100, 228, 130, 242]</P>
    <P Name="ZOrder">3</P>
    <P Name="Port">3</P>
  </Block>
  <Block BlockType="Goto" Name="goto1" SID="31">
    <P Name="Position">[335, 138, 365, 152]</P>
    <P Name="ZOrder">5</P>
    <P Name="GotoTag">in1</P>
    <P Name="TagVisibility">global</P>
  </Block>
  <Block BlockType="Goto" Name="goto2" SID="33">
    <P Name="Position">[335, 198, 365, 212]</P>
    <P Name="ZOrder">7</P>
    <P Name="GotoTag">in2</P>
    <P Name="TagVisibility">global</P>
  </Block>
  <Block BlockType="Goto" Name="goto3" SID="35">
    <P Name="Position">[335, 258, 365, 272]</P>
    <P Name="ZOrder">9</P>
    <P Name="GotoTag">in3</P>
    <P Name="TagVisibility">global</P>
  </Block>
  <Block BlockType="Outport" Name="out1" SID="30">
    <P Name="Position">[335, 108, 365, 122]</P>
    <P Name="ZOrder">4</P>
  </Block>
  <Block BlockType="Outport" Name="out2" SID="32">
    <P Name="Position">[335, 168, 365, 182]</P>
    <P Name="ZOrder">6</P>
    <P Name="Port">2</P>
  </Block>
  <Block BlockType="Outport" Name="out3" SID="34">
    <P Name="Position">[335, 228, 365, 242]</P>
    <P Name="ZOrder">8</P>
    <P Name="Port">3</P>
  </Block>
  <Line>
    <P Name="ZOrder">2</P>
    <P Name="Src">27#out:1</P>
    <P Name="Points">[0, 0]</P>
    <Branch>
      <P Name="ZOrder">1</P>
      <P Name="Dst">30#in:1</P>
    </Branch>
    <Branch>
      <P Name="ZOrder">3</P>
      <P Name="Points">[90, 0; 0, 30]</P>
      <P Name="Dst">31#in:1</P>
    </Branch>
  </Line>
  <Line>
    <P Name="ZOrder">5</P>
    <P Name="Src">28#out:1</P>
    <P Name="Points">[0, 0]</P>
    <Branch>
      <P Name="ZOrder">4</P>
      <P Name="Dst">32#in:1</P>
    </Branch>
    <Branch>
      <P Name="ZOrder">6</P>
      <P Name="Points">[90, 0; 0, 30]</P>
      <P Name="Dst">33#in:1</P>
    </Branch>
  </Line>
  <Line>
    <P Name="ZOrder">8</P>
    <P Name="Src">29#out:1</P>
    <P Name="Points">[0, 0]</P>
    <Branch>
      <P Name="ZOrder">7</P>
      <P Name="Dst">34#in:1</P>
    </Branch>
    <Branch>
      <P Name="ZOrder">9</P>
      <P Name="Points">[90, 0; 0, 30]</P>
      <P Name="Dst">35#in:1</P>
    </Branch>
  </Line>
</System>
