<?xml version="1.0" encoding="utf-8"?>
<System>
  <P Name="Location">[30, 30, 1010, 750]</P>
  <P Name="SystemRect">[0.000000, 0.000000, 0.000000, 0.000000]</P>
  <P Name="SetExecutionDomain">off</P>
  <P Name="ExecutionDomainType">Deduce</P>
  <P Name="SimulinkSubDomain">Simulink</P>
  <Block BlockType="Inport" Name="In1" SID="5">
    <P Name="Position">[260, 443, 290, 457]</P>
    <P Name="ZOrder">1</P>
    <P Name="OutDataTypeStr">fixdt(1, 64, 0)</P>
    <P Name="PortDimensions">1</P>
    <P Name="SampleTime">           5e-08</P>
  </Block>
  <Block BlockType="Inport" Name="In2" SID="6">
    <P Name="Position">[55, 318, 85, 332]</P>
    <P Name="ZOrder">2</P>
    <P Name="Port">2</P>
    <P Name="OutDataTypeStr">fixdt(1, 64, 0)</P>
    <P Name="PortDimensions">1</P>
    <P Name="SampleTime">           5e-08</P>
  </Block>
  <Block BlockType="Inport" Name="In3" SID="7">
    <P Name="Position">[55, 118, 85, 132]</P>
    <P Name="ZOrder">3</P>
    <P Name="Port">3</P>
    <P Name="OutDataTypeStr">fixdt(0, 3, 0)</P>
    <P Name="PortDimensions">1</P>
    <P Name="SampleTime">           5e-08</P>
  </Block>
  <Block BlockType="Sum" Name="Add" SID="8">
    <P Name="Ports">[3, 1]</P>
    <P Name="Position">[465, 150, 495, 180]</P>
    <P Name="ZOrder">10</P>
    <P Name="IconShape">rectangular</P>
    <P Name="Inputs">+++</P>
    <P Name="AccumDataTypeStr">fixdt(1, 65, 0)</P>
    <P Name="OutDataTypeStr">fixdt(1, 64, 0)</P>
    <P Name="SampleTime">           5e-08</P>
  </Block>
  <Block BlockType="Reference" Name="Bit Concat" SID="9">
    <P Name="Ports">[2, 1]</P>
    <P Name="Position">[670, 327, 700, 358]</P>
    <P Name="ZOrder">43</P>
    <P Name="LibraryVersion">2.9</P>
    <P Name="SourceBlock">hdlsllib/Logic and Bit
Operations/Bit Concat</P>
    <P Name="SourceType">Bit Concat</P>
    <P Name="SourceProductBaseCode">SL</P>
    <InstanceData>
      <P Name="RTWMemSecFuncInitTerm">Inherit from model</P>
      <P Name="RTWMemSecFuncExecute">Inherit from model</P>
      <P Name="RTWMemSecDataConstants">Inherit from model</P>
      <P Name="RTWMemSecDataInternal">Inherit from model</P>
      <P Name="RTWMemSecDataParameters">Inherit from model</P>
      <P Name="ContentPreviewEnabled">off</P>
      <P Name="numInputs">2</P>
    </InstanceData>
  </Block>
  <Block BlockType="Reference" Name="Bit Slice" SID="10">
    <P Name="Ports">[1, 1]</P>
    <P Name="Position">[670, 105, 700, 135]</P>
    <P Name="ZOrder">47</P>
    <P Name="LibraryVersion">2.9</P>
    <P Name="SourceBlock">hdlsllib/Logic and Bit
Operations/Bit Slice</P>
    <P Name="SourceType">Bit Slice</P>
    <P Name="SourceProductBaseCode">SL</P>
    <InstanceData>
      <P Name="RTWMemSecFuncInitTerm">Inherit from model</P>
      <P Name="RTWMemSecFuncExecute">Inherit from model</P>
      <P Name="RTWMemSecDataConstants">Inherit from model</P>
      <P Name="RTWMemSecDataInternal">Inherit from model</P>
      <P Name="RTWMemSecDataParameters">Inherit from model</P>
      <P Name="ContentPreviewEnabled">off</P>
      <P Name="lidx">double(1)</P>
      <P Name="ridx">double(0)</P>
    </InstanceData>
  </Block>
  <Block BlockType="Reference" Name="Bit Slice1" SID="11">
    <P Name="Ports">[1, 1]</P>
    <P Name="Position">[260, 215, 290, 245]</P>
    <P Name="ZOrder">48</P>
    <P Name="LibraryVersion">2.9</P>
    <P Name="SourceBlock">hdlsllib/Logic and Bit
Operations/Bit Slice</P>
    <P Name="SourceType">Bit Slice</P>
    <P Name="SourceProductBaseCode">SL</P>
    <InstanceData>
      <P Name="RTWMemSecFuncInitTerm">Inherit from model</P>
      <P Name="RTWMemSecFuncExecute">Inherit from model</P>
      <P Name="RTWMemSecDataConstants">Inherit from model</P>
      <P Name="RTWMemSecDataInternal">Inherit from model</P>
      <P Name="RTWMemSecDataParameters">Inherit from model</P>
      <P Name="ContentPreviewEnabled">off</P>
      <P Name="lidx">double(2)</P>
      <P Name="ridx">double(2)</P>
    </InstanceData>
  </Block>
  <Block BlockType="Reference" Name="Bit Slice2" SID="12">
    <P Name="Ports">[1, 1]</P>
    <P Name="Position">[570, 325, 600, 355]</P>
    <P Name="ZOrder">49</P>
    <P Name="LibraryVersion">2.9</P>
    <P Name="SourceBlock">hdlsllib/Logic and Bit
Operations/Bit Slice</P>
    <P Name="SourceType">Bit Slice</P>
    <P Name="SourceProductBaseCode">SL</P>
    <InstanceData>
      <P Name="RTWMemSecFuncInitTerm">Inherit from model</P>
      <P Name="RTWMemSecFuncExecute">Inherit from model</P>
      <P Name="RTWMemSecDataConstants">Inherit from model</P>
      <P Name="RTWMemSecDataInternal">Inherit from model</P>
      <P Name="RTWMemSecDataParameters">Inherit from model</P>
      <P Name="ContentPreviewEnabled">off</P>
      <P Name="lidx">double(62)</P>
      <P Name="ridx">double(62)</P>
    </InstanceData>
  </Block>
  <Block BlockType="Reference" Name="Bitwise Operator" SID="13">
    <P Name="Ports">[2, 1]</P>
    <P Name="Position">[465, 367, 495, 398]</P>
    <P Name="ZOrder">50</P>
    <P Name="LibraryVersion">1.476</P>
    <P Name="SourceBlock">simulink/Logic and Bit
Operations/Bitwise
Operator</P>
    <P Name="SourceType">Bitwise Operator</P>
    <P Name="SourceProductBaseCode">SL</P>
    <InstanceData>
      <P Name="MultiThreadCoSim">auto</P>
      <P Name="logicop">AND</P>
      <P Name="UseBitMask">off</P>
      <P Name="NumInputPorts">2</P>
      <P Name="BitMask">double(0)</P>
      <P Name="BitMaskRealWorld">Real World Value</P>
    </InstanceData>
  </Block>
  <Block BlockType="Reference" Name="Bitwise Operator1" SID="14">
    <P Name="Ports">[2, 1]</P>
    <P Name="Position">[465, 437, 495, 468]</P>
    <P Name="ZOrder">51</P>
    <P Name="LibraryVersion">1.476</P>
    <P Name="SourceBlock">simulink/Logic and Bit
Operations/Bitwise
Operator</P>
    <P Name="SourceType">Bitwise Operator</P>
    <P Name="SourceProductBaseCode">SL</P>
    <InstanceData>
      <P Name="MultiThreadCoSim">auto</P>
      <P Name="logicop">OR</P>
      <P Name="UseBitMask">off</P>
      <P Name="NumInputPorts">2</P>
      <P Name="BitMask">double(0)</P>
      <P Name="BitMaskRealWorld">Real World Value</P>
    </InstanceData>
  </Block>
  <Block BlockType="Reference" Name="Bitwise Operator2" SID="15">
    <P Name="Ports">[1, 1]</P>
    <P Name="Position">[260, 360, 290, 390]</P>
    <P Name="ZOrder">52</P>
    <P Name="LibraryVersion">1.476</P>
    <P Name="SourceBlock">simulink/Logic and Bit
Operations/Bitwise
Operator</P>
    <P Name="SourceType">Bitwise Operator</P>
    <P Name="SourceProductBaseCode">SL</P>
    <InstanceData>
      <P Name="MultiThreadCoSim">auto</P>
      <P Name="logicop">NOT</P>
      <P Name="UseBitMask">off</P>
      <P Name="NumInputPorts">1</P>
      <P Name="BitMask">double(0)</P>
      <P Name="BitMaskRealWorld">Real World Value</P>
    </InstanceData>
  </Block>
  <Block BlockType="Constant" Name="Constant" SID="16">
    <P Name="Position">[570, 255, 600, 285]</P>
    <P Name="ZOrder">5</P>
    <P Name="Value">0</P>
    <P Name="OutDataTypeStr">fixdt(0, 64, 0)</P>
  </Block>
  <Block BlockType="Delay" Name="Delay" SID="17">
    <P Name="Ports">[1, 1]</P>
    <P Name="Position">[160, 345, 190, 375]</P>
    <P Name="ZOrder">6</P>
    <P Name="InputPortMap">u0</P>
    <P Name="DelayLength">double(1)</P>
    <P Name="InitialCondition">0</P>
    <P Name="SampleTime">           5e-08</P>
  </Block>
  <Block BlockType="Delay" Name="Delay1" SID="18">
    <P Name="Ports">[1, 1]</P>
    <P Name="Position">[365, 455, 395, 485]</P>
    <P Name="ZOrder">7</P>
    <P Name="InputPortMap">u0</P>
    <P Name="DelayLength">double(1)</P>
    <P Name="InitialCondition">0</P>
    <P Name="SampleTime">           5e-08</P>
  </Block>
  <Block BlockType="Delay" Name="Delay2" SID="19">
    <P Name="Ports">[1, 1]</P>
    <P Name="Position">[160, 150, 190, 180]</P>
    <P Name="ZOrder">8</P>
    <P Name="InputPortMap">u0</P>
    <P Name="DelayLength">double(1)</P>
    <P Name="InitialCondition">0</P>
    <P Name="SampleTime">           5e-08</P>
  </Block>
  <Block BlockType="Delay" Name="Delay3" SID="20">
    <P Name="Ports">[1, 1]</P>
    <P Name="Position">[880, 300, 910, 330]</P>
    <P Name="ZOrder">9</P>
    <P Name="InputPortMap">u0</P>
    <P Name="DelayLength">double(1)</P>
    <P Name="InitialCondition">0</P>
    <P Name="SampleTime">           5e-08</P>
  </Block>
  <Block BlockType="MultiPortSwitch" Name="Multiport Switch" SID="21">
    <P Name="Ports">[3, 1]</P>
    <P Name="Position">[365, 315, 395, 345]</P>
    <P Name="ZOrder">53</P>
    <P Name="DataPortOrder">Zero-based contiguous</P>
    <P Name="Inputs">2</P>
    <P Name="DiagnosticForDefault">None</P>
    <P Name="zeroidx">on</P>
    <P Name="InputSameDT">off</P>
    <P Name="OutDataTypeStr">fixdt(1, 64, 0)</P>
    <P Name="SaturateOnIntegerOverflow">off</P>
    <P Name="SampleTime">           5e-08</P>
  </Block>
  <Block BlockType="MultiPortSwitch" Name="Multiport Switch1" SID="22">
    <P Name="Ports">[5, 1]</P>
    <P Name="Position">[775, 300, 805, 330]</P>
    <P Name="ZOrder">54</P>
    <P Name="DataPortOrder">Zero-based contiguous</P>
    <P Name="Inputs">4</P>
    <P Name="DiagnosticForDefault">None</P>
    <P Name="zeroidx">on</P>
    <P Name="InputSameDT">off</P>
    <P Name="OutDataTypeStr">fixdt(1, 64, 0)</P>
    <P Name="SaturateOnIntegerOverflow">off</P>
    <P Name="SampleTime">           5e-08</P>
  </Block>
  <Block BlockType="Outport" Name="Out1" SID="23">
    <P Name="Position">[980, 268, 1010, 282]</P>
    <P Name="ZOrder">4</P>
  </Block>
  <Line>
    <P Name="ZOrder">1</P>
    <P Name="Src">22#out:1</P>
    <P Name="Dst">20#in:1</P>
  </Line>
  <Line>
    <P Name="ZOrder">2</P>
    <P Name="Src">21#out:1</P>
    <P Name="Points">[0, 0]</P>
    <Branch>
      <P Name="ZOrder">3</P>
      <P Name="Points">[25, 0; 0, -175]</P>
      <P Name="Dst">8#in:1</P>
    </Branch>
    <Branch>
      <P Name="ZOrder">4</P>
      <P Name="Points">[25, 0; 0, 45]</P>
      <P Name="Dst">13#in:1</P>
    </Branch>
    <Branch>
      <P Name="ZOrder">5</P>
      <P Name="Points">[45, 0; 0, 115]</P>
      <P Name="Dst">14#in:1</P>
    </Branch>
  </Line>
  <Line>
    <P Name="ZOrder">6</P>
    <P Name="Src">20#out:1</P>
    <P Name="Points">[25, 0; 0, -40]</P>
    <P Name="Dst">23#in:1</P>
  </Line>
  <Line>
    <P Name="ZOrder">7</P>
    <P Name="Src">19#out:1</P>
    <P Name="Points">[0, 0]</P>
    <Branch>
      <P Name="ZOrder">8</P>
      <P Name="Points">[230, 0; 0, -45]</P>
      <P Name="Dst">10#in:1</P>
    </Branch>
    <Branch>
      <P Name="ZOrder">9</P>
      <P Name="Points">[25, 0; 0, 65]</P>
      <P Name="Dst">11#in:1</P>
    </Branch>
  </Line>
  <Line>
    <P Name="ZOrder">10</P>
    <P Name="Src">18#out:1</P>
    <P Name="Points">[0, 0]</P>
    <Branch>
      <P Name="ZOrder">11</P>
      <P Name="Points">[25, 0; 0, -305]</P>
      <P Name="Dst">8#in:2</P>
    </Branch>
    <Branch>
      <P Name="ZOrder">12</P>
      <P Name="Points">[25, 0; 0, -80]</P>
      <P Name="Dst">13#in:2</P>
    </Branch>
    <Branch>
      <P Name="ZOrder">13</P>
      <P Name="Points">[25, 0; 0, -10]</P>
      <P Name="Dst">14#in:2</P>
    </Branch>
  </Line>
  <Line>
    <P Name="ZOrder">14</P>
    <P Name="Src">17#out:1</P>
    <P Name="Points">[0, 0]</P>
    <Branch>
      <P Name="ZOrder">15</P>
      <P Name="Points">[25, 0; 0, 15]</P>
      <P Name="Dst">15#in:1</P>
    </Branch>
    <Branch>
      <P Name="ZOrder">16</P>
      <P Name="Points">[60, 0; 0, -30]</P>
      <P Name="Dst">21#in:2</P>
    </Branch>
  </Line>
  <Line>
    <P Name="ZOrder">17</P>
    <P Name="Src">16#out:1</P>
    <P Name="Points">[15, 0; 0, 65]</P>
    <P Name="Dst">9#in:1</P>
  </Line>
  <Line>
    <P Name="ZOrder">18</P>
    <P Name="Src">15#out:1</P>
    <P Name="Points">[25, 0; 0, -35]</P>
    <P Name="Dst">21#in:3</P>
  </Line>
  <Line>
    <P Name="ZOrder">19</P>
    <P Name="Src">14#out:1</P>
    <P Name="Points">[255, 0; 0, -140]</P>
    <P Name="Dst">22#in:3</P>
  </Line>
  <Line>
    <P Name="ZOrder">20</P>
    <P Name="Src">13#out:1</P>
    <P Name="Points">[255, 0; 0, -75]</P>
    <P Name="Dst">22#in:2</P>
  </Line>
  <Line>
    <P Name="ZOrder">21</P>
    <P Name="Src">12#out:1</P>
    <P Name="Points">[25, 0; 0, 10]</P>
    <P Name="Dst">9#in:2</P>
  </Line>
  <Line>
    <P Name="ZOrder">22</P>
    <P Name="Src">11#out:1</P>
    <P Name="Points">[0, 0]</P>
    <Branch>
      <P Name="ZOrder">23</P>
      <P Name="Points">[75, 0; 0, -55]</P>
      <P Name="Dst">8#in:3</P>
    </Branch>
    <Branch>
      <P Name="ZOrder">24</P>
      <P Name="Points">[25, 0; 0, 90]</P>
      <P Name="Dst">21#in:1</P>
    </Branch>
  </Line>
  <Line>
    <P Name="ZOrder">25</P>
    <P Name="Src">10#out:1</P>
    <P Name="Points">[25, 0; 0, 185]</P>
    <P Name="Dst">22#in:1</P>
  </Line>
  <Line>
    <P Name="ZOrder">26</P>
    <P Name="Src">9#out:1</P>
    <P Name="Points">[55, 0]</P>
    <P Name="Dst">22#in:5</P>
  </Line>
  <Line>
    <P Name="ZOrder">27</P>
    <P Name="Src">8#out:1</P>
    <P Name="Points">[0, 0]</P>
    <Branch>
      <P Name="ZOrder">28</P>
      <P Name="Points">[25, 0; 0, 175]</P>
      <P Name="Dst">12#in:1</P>
    </Branch>
    <Branch>
      <P Name="ZOrder">29</P>
      <P Name="Points">[130, 0; 0, 155]</P>
      <P Name="Dst">22#in:4</P>
    </Branch>
  </Line>
  <Line>
    <P Name="ZOrder">30</P>
    <P Name="Src">7#out:1</P>
    <P Name="Points">[25, 0; 0, 40]</P>
    <P Name="Dst">19#in:1</P>
  </Line>
  <Line>
    <P Name="ZOrder">31</P>
    <P Name="Src">6#out:1</P>
    <P Name="Points">[25, 0; 0, 35]</P>
    <P Name="Dst">17#in:1</P>
  </Line>
  <Line>
    <P Name="ZOrder">32</P>
    <P Name="Src">5#out:1</P>
    <P Name="Points">[25, 0; 0, 20]</P>
    <P Name="Dst">18#in:1</P>
  </Line>
</System>
