<?xml version="1.0" encoding="utf-8"?>
<System>
  <P Name="Location">[30, 30, 1010, 750]</P>
  <P Name="SystemRect">[0.000000, 0.000000, 0.000000, 0.000000]</P>
  <P Name="SetExecutionDomain">off</P>
  <P Name="ExecutionDomainType">Deduce</P>
  <P Name="SimulinkSubDomain">Simulink</P>
  <Block BlockType="Inport" Name="in1" SID="37">
    <P Name="Position">[100, 108, 130, 122]</P>
    <P Name="ZOrder">1</P>
  </Block>
  <Block BlockType="Goto" Name="goto1" SID="39">
    <P Name="Position">[335, 138, 365, 152]</P>
    <P Name="ZOrder">3</P>
    <P Name="GotoTag">out1</P>
    <P Name="TagVisibility">global</P>
  </Block>
  <Block BlockType="Outport" Name="out1" SID="38">
    <P Name="Position">[335, 108, 365, 122]</P>
    <P Name="ZOrder">2</P>
  </Block>
  <Line>
    <P Name="ZOrder">2</P>
    <P Name="Src">37#out:1</P>
    <P Name="Points">[0, 0]</P>
    <Branch>
      <P Name="ZOrder">1</P>
      <P Name="Dst">38#in:1</P>
    </Branch>
    <Branch>
      <P Name="ZOrder">3</P>
      <P Name="Points">[90, 0; 0, 30]</P>
      <P Name="Dst">39#in:1</P>
    </Branch>
  </Line>
</System>
